,Date,Country,City,Latitude,Longtitue,Humidity,Max Temperature,Windspeed,Cloudiness
0,1617332358,RU,Arman',59.7,150.1667,59,26.82,7.09,0
1,1617332327,US,Albany,42.6001,-73.9662,58,32.0,1.99,42
2,1617332310,AU,Hobart,-42.8794,147.3294,56,73.0,2.3,75
3,1617332368,RE,Saint-Philippe,-21.3585,55.7679,73,77.0,10.36,90
4,1617332334,MY,George Town,5.4112,100.3354,70,89.01,5.75,20
5,1617332323,GL,Nanortalik,60.1432,-45.2371,95,34.74,7.0,57
6,1617332366,RU,Nikolskoye,59.7035,30.7861,86,34.0,4.47,0
7,1617332511,SS,Raja,8.4596,25.678,30,76.01,3.65,38
8,1617332511,CN,Tieling,42.2931,123.8414,26,66.0,19.35,100
9,1617332365,RU,Saskylakh,71.9167,114.0833,98,-24.43,5.66,100
10,1617332309,ZA,Hermanus,-34.4187,19.2345,84,60.01,7.78,100
11,1617332301,PT,Ponta do Sol,32.6667,-17.1,73,57.99,3.0,30
12,1617332512,BR,Tabatinga,-4.2525,-69.9381,100,77.0,2.3,0
13,1617332512,SY,Yabrūd,33.9674,36.6574,70,42.8,4.61,0
14,1617332265,AU,Port Lincoln,-34.7333,135.8667,37,81.75,5.79,0
15,1617332311,CA,Tuktoyaktuk,69.4541,-133.0374,77,-13.0,11.5,75
16,1617332310,AU,Busselton,-33.65,115.3333,82,70.0,5.01,36
17,1617332399,SN,Tambacounda,13.7539,-13.7586,21,84.06,6.82,5
18,1617332514,RU,Kuytun,54.3419,101.5036,78,30.25,8.14,93
19,1617332514,AR,Río Gallegos,-51.6226,-69.2181,82,51.8,12.66,0
20,1617332375,BR,Touros,-5.1989,-35.4608,88,77.0,5.75,40
21,1617332397,PT,Lagoa,39.05,-27.9833,81,59.38,26.87,100
22,1617332373,NO,Havøysund,70.9963,24.6622,86,28.4,3.44,90
23,1617332321,ZA,Kruisfontein,-34.0033,24.7314,79,62.01,1.01,100
24,1617332303,ZA,Bredasdorp,-34.5322,20.0403,82,60.8,3.22,100
25,1617332311,JP,Katsuura,35.1333,140.3,55,68.0,9.22,40
26,1617332515,PT,Peniche,39.3558,-9.3811,93,57.99,5.01,0
27,1617332440,ZA,Kuruman,-27.4524,23.4325,52,65.44,4.56,15
28,1617332314,US,Saint Paul Harbor,57.79,-152.4072,43,28.4,31.07,1
29,1617332516,RU,Pervomayskoye,43.919,46.7102,92,40.71,4.92,0
30,1617332300,UY,Chui,-33.6971,-53.4616,70,65.16,5.55,78
31,1617332180,CA,Yellowknife,62.456,-114.3525,86,17.01,10.36,90
32,1617332517,AU,Carnarvon,-24.8667,113.6333,66,86.0,4.61,2
33,1617332517,RU,Katangli,51.7102,143.2326,89,35.8,3.96,83
34,1617332312,PF,Rikitea,-23.1203,-134.9692,91,71.44,3.91,100
35,1617332414,EG,Hurghada,27.2574,33.8129,36,60.8,9.22,0
36,1617332519,RU,Tevriz,57.509,72.4042,97,33.28,8.57,100
37,1617332520,ID,Mataram,-8.5833,116.1167,89,80.6,3.44,75
38,1617332386,BR,Itaituba,-4.2761,-55.9836,99,72.46,1.36,100
39,1617332400,US,Kahului,20.8947,-156.47,61,78.8,18.41,40
40,1617332347,GL,Qaanaaq,77.484,-69.3632,98,5.77,3.69,100
41,1617332520,KZ,Beyneu,45.3167,55.2,44,45.14,23.73,100
42,1617332339,CL,Constitución,-35.3333,-72.4167,89,54.95,8.99,79
43,1617332521,US,Bud,39.447,-86.1758,70,30.0,7.67,3
44,1617332521,BR,Santa Vitória do Palmar,-33.5189,-53.3681,63,66.06,5.39,89
45,1617332522,AU,Batemans Bay,-35.7167,150.1833,53,78.01,1.99,98
46,1617332423,RO,Asău,46.4333,26.4,81,43.0,10.36,0
47,1617332523,MV,Dhidhdhoo,6.8833,73.1,75,84.15,12.62,98
48,1617332523,PG,Samarai,-10.6167,150.6667,81,80.98,8.57,100
49,1617332524,NO,Andenes,69.3143,16.1194,69,35.6,19.57,100
50,1617332314,US,Kapaa,22.0752,-159.319,65,78.8,18.41,75
51,1617332002,US,Portland,45.5234,-122.6762,41,60.8,9.22,1
52,1617332274,BR,Arraial do Cabo,-22.9661,-42.0278,75,75.97,19.17,13
53,1617332329,US,Bethel,41.3712,-73.414,71,36.0,3.0,17
54,1617332080,MX,Cabo San Lucas,22.8909,-109.9124,28,80.6,8.05,40
55,1617332333,QA,Doha,25.2867,51.5333,47,77.0,5.75,0
56,1617332525,CO,Puerto Colombia,10.9878,-74.9547,83,78.8,14.97,40
57,1617332264,AR,Ushuaia,-54.8,-68.3,71,48.2,5.75,20
58,1617332399,NO,Berlevåg,70.8578,29.0864,84,30.22,1.5,100
59,1617332323,GL,Tasiilaq,65.6145,-37.6368,93,30.2,4.61,90
60,1617332528,RU,Batagay,67.6333,134.6333,85,10.98,4.27,100
61,1617332421,CA,Pangnirtung,66.1451,-65.7125,97,-28.98,4.72,98
62,1617332333,RU,Dikson,73.5069,80.5464,76,-5.46,8.5,100
63,1617332367,BR,Vila Velha,-20.3297,-40.2925,88,73.4,4.61,75
64,1617332317,US,Sitka,57.0531,-135.33,86,33.8,6.91,90
65,1617332483,UY,Rocha,-34.4833,-54.3333,89,57.02,2.46,2
66,1617332529,ID,Bambanglipuro,-7.95,110.2833,70,83.75,3.24,99
67,1617332531,US,Pacific Grove,36.6177,-121.9166,54,59.0,2.62,0
68,1617332290,TO,Vaini,-21.2,-175.2,74,86.0,5.75,75
69,1617332531,BR,Humaitá,-7.5061,-63.0208,97,73.49,0.94,100
70,1617332135,US,Lompoc,34.6391,-120.4579,34,68.0,3.44,0
71,1617332342,ID,Sibolga,1.7427,98.7792,65,84.42,4.29,53
72,1617332380,ML,Taoudenni,22.6783,-3.9836,10,80.82,7.67,42
73,1617332326,SO,Kismayo,-0.3582,42.5454,84,80.87,9.22,51
74,1617332487,US,Anchorage,61.2181,-149.9003,50,28.4,6.91,1
75,1617332439,SJ,Longyearbyen,78.2186,15.6401,80,26.6,4.61,75
76,1617332314,AU,New Norfolk,-42.7826,147.0587,43,73.0,1.99,99
77,1617332291,GL,Upernavik,72.7868,-56.1549,97,-1.52,22.95,100
78,1617332308,RU,Cherskiy,68.75,161.3,80,4.1,6.4,5
79,1617332533,ID,Atambua,-9.1061,124.8925,91,74.79,4.74,100
80,1617332359,ZA,Port Elizabeth,-33.918,25.5701,82,62.6,5.75,90
81,1617332534,MX,Puerto Escondido,15.85,-97.0667,74,84.2,5.03,1
82,1617332534,AU,Howard Springs,-12.497,131.047,45,89.6,14.97,0
83,1617332322,MV,Hithadhoo,-0.6,73.0833,76,83.84,17.65,52
84,1617332535,GB,Coleraine,55.1333,-6.6667,93,37.4,2.3,0
85,1617332536,RU,Lavrentiya,65.5833,-171.0,93,7.39,4.97,100
86,1617332536,AU,Mareeba,-17.0,145.4333,61,84.2,20.71,75
87,1617332294,CL,Punta Arenas,-53.15,-70.9167,87,46.4,8.05,0
88,1617332319,US,Hilo,19.7297,-155.09,61,78.8,12.66,75
89,1617332349,US,Havelock,34.8791,-76.9013,43,48.2,19.57,90
90,1617332537,PK,Bannu,32.9854,70.6027,12,73.62,18.63,0
91,1617332382,MU,Grand Gaube,-20.0064,57.6608,91,75.99,3.0,67
92,1617332299,NZ,Mataura,-46.1927,168.8643,64,55.99,18.01,8
93,1617332368,NC,Poum,-20.2333,164.0167,80,78.12,16.35,100
94,1617332313,BR,Castro,-24.7911,-50.0119,97,52.41,5.99,0
95,1617332477,CA,Halifax,44.6453,-63.5724,100,48.99,9.22,100
96,1617332458,AU,Broken Hill,-31.95,141.4333,24,82.4,10.36,0
97,1617332539,KR,Gijang,35.2442,129.2139,55,64.4,14.97,75
98,1617332539,PT,Vila,42.0304,-8.1588,95,54.0,2.42,70
99,1617332539,RU,Krasnaya Gora,52.9995,31.6023,87,42.8,11.18,90
100,1617332540,NG,Yaan,7.3833,8.5667,36,77.0,4.36,74
101,1617332315,AU,Moree,-29.4667,149.85,44,80.6,10.36,0
102,1617332510,EG,Cairo,30.0626,31.2497,62,55.4,11.5,40
103,1617332540,KE,Mandera,3.9366,41.867,64,79.56,9.37,21
104,1617332541,RU,Talakan,50.3167,130.3667,62,45.84,10.98,100
105,1617332425,RU,Talnakh,69.4865,88.3972,82,-7.06,7.65,26
106,1617332459,RU,Pevek,69.7008,170.3133,89,-1.97,4.09,18
107,1617332543,CN,Lianzhou,24.7811,112.3825,67,81.84,3.04,89
108,1617332543,ID,Biak,-0.9131,122.8766,69,84.06,1.57,100
109,1617332545,SE,Kiruna,67.8557,20.2251,80,30.2,6.91,90
110,1617332436,NZ,Kaitangata,-46.2817,169.8464,51,60.01,14.0,7
111,1617332545,NO,Hammerfest,70.6634,23.6821,74,30.2,3.44,90
112,1617332264,RU,Provideniya,64.3833,-173.3,85,12.2,6.71,90
113,1617332546,AU,Flinders,-34.5833,150.8552,68,77.0,5.01,27
114,1617332372,PG,Vanimo,-2.6741,141.3028,84,80.51,2.73,96
115,1617332546,RU,Churapcha,62.0025,132.4325,88,28.8,10.16,100
116,1617332050,ZA,Port Alfred,-33.5906,26.891,91,66.2,6.22,100
117,1617332547,BR,Camapuã,-19.5314,-54.0439,66,72.28,4.52,0
118,1617332548,US,Kingsville,27.5159,-97.8561,51,66.2,4.61,90
119,1617332388,PT,Vila Franca do Campo,37.7167,-25.4333,88,60.8,10.36,40
120,1617332356,US,Jamestown,42.097,-79.2353,68,26.01,11.5,90
121,1617332201,ZA,Saldanha,-33.0117,17.9442,82,55.4,2.3,81
122,1617332523,BR,Mozarlândia,-14.7447,-50.5706,82,72.25,2.77,34
123,1617332048,AR,Mar del Plata,-38.0023,-57.5575,72,66.0,8.05,20
124,1617332553,UA,Buchmany,51.0689,28.0421,93,44.28,11.32,100
125,1617332553,PT,Ponta Delgada,37.7333,-25.6667,88,60.8,10.36,40
126,1617332557,CN,Yuanping,38.7153,112.7575,80,46.8,2.46,100
127,1617332558,PH,Tagusao,9.1924,117.8141,92,77.14,7.78,100
128,1617332366,CA,Inuvik,68.3499,-133.7218,64,-11.2,5.75,97
129,1617332350,AU,Geraldton,-28.7667,114.6,61,84.2,8.05,1
130,1617332560,RU,Kuril'sk,45.2333,147.8833,76,35.02,7.85,25
131,1617332560,IN,Manavālakurichi,8.1333,77.3,74,84.2,8.05,20
132,1617332561,ET,Gonder,12.6,37.4667,57,60.66,4.85,7
133,1617332561,ZA,Upington,-28.4478,21.2561,94,69.8,2.3,20
134,1617332300,US,Barrow,71.2906,-156.7887,77,-5.8,1.54,1
135,1617332374,CA,Thompson,55.7435,-97.8558,52,39.2,2.3,90
136,1617332592,HN,Barra Patuca,15.8,-84.2833,80,77.36,8.25,6
137,1617332345,KI,Butaritari,3.0707,172.7902,76,82.27,11.61,100
138,1617332305,ID,Meulaboh,4.1363,96.1285,67,81.07,6.46,99
139,1617332376,CA,Aklavik,68.2191,-135.0107,64,-11.2,5.75,98
140,1617332340,PG,Lorengau,-2.0226,147.2712,76,82.71,5.06,99
141,1617332444,LY,Jalu,29.0331,21.5482,54,53.01,7.05,0
142,1617332594,AU,Whyalla,-33.0333,137.5833,19,89.6,10.36,0
143,1617332594,CA,Havre-St-Pierre,50.2334,-63.5986,100,35.6,19.57,90
144,1617332131,ZA,East London,-33.0153,27.9116,89,66.79,7.54,81
145,1617332304,BR,São João da Barra,-21.6403,-41.0511,81,71.76,5.7,35
146,1617332498,RU,Anadyr,64.75,177.4833,93,17.6,26.84,75
147,1617332595,RU,Klyuchi,52.2667,79.1667,82,26.31,11.45,12
148,1617332596,PK,Bozdar Wada,27.1828,68.636,49,69.8,3.91,0
149,1617332481,IL,Kiryat Gat,31.61,34.7642,100,54.0,8.61,22
150,1617332596,CN,Baijiantan,45.6333,85.1833,38,43.97,7.05,100
151,1617332349,PT,Lata,40.1629,-8.3327,94,57.2,2.3,90
152,1617332597,US,Cañon City,38.441,-105.2424,24,52.0,1.14,1
153,1617332598,US,Gainesville,29.6516,-82.3248,37,53.01,6.91,1
154,1617332307,EC,Puerto Ayora,-0.7393,-90.3518,96,77.0,1.99,71
155,1617332483,HK,Hong Kong,22.2855,114.1577,80,86.0,1.01,4
156,1617332414,RU,Syas'stroy,60.1367,32.5691,96,28.63,3.65,97
157,1617332459,AU,Codrington,-38.2667,141.9667,22,85.48,5.26,4
158,1617332304,NZ,Bluff,-46.6,168.3333,64,55.99,18.01,13
159,1617332599,DE,Brunsbüttel,53.9,9.15,93,37.0,6.8,1
160,1617332599,BR,São José da Coroa Grande,-8.8978,-35.1478,72,78.89,9.1,34
161,1617332599,PE,Lagunas,-5.2269,-75.6753,93,73.92,1.28,47
162,1617332600,PL,Krosno,49.6887,21.7706,88,46.0,9.95,96
163,1617332600,DE,Potsdam,52.3989,13.0657,78,39.0,6.15,43
164,1617332600,RU,Aykhal,66.0,111.5,92,-11.85,16.44,100
165,1617332601,KZ,Nur-Sultan,51.1801,71.446,85,12.2,11.18,0
166,1617332602,RU,Pangody,65.85,74.4859,96,26.87,7.31,100
167,1617332602,US,Blackfoot,43.1905,-112.345,17,53.6,19.57,1
168,1617332602,TR,Bayir,37.2687,28.2167,100,35.6,2.3,97
169,1617332475,RU,Egvekinot,66.3167,-179.1667,91,7.47,6.71,100
170,1617332553,BR,Salinópolis,-0.6136,-47.3561,85,77.16,1.81,99
171,1617332603,BW,Kanye,-24.9667,25.3327,52,62.53,2.53,3
172,1617332603,GR,Terpsithea,39.6167,22.3667,87,46.0,0.18,20
173,1617332604,ES,Santa Lucía,27.9117,-15.5407,77,64.4,12.66,75
174,1617332313,CA,Norman Wells,65.282,-126.8329,72,5.0,14.97,90
175,1617332605,RU,Borogontsy,62.6683,131.1683,87,29.8,8.7,100
176,1617332605,SS,Wau,7.7029,27.9953,37,81.88,3.22,95
177,1617332325,RU,Khatanga,71.9667,102.5,91,-15.83,5.93,26
178,1617332605,US,Gallup,35.5281,-108.7426,16,55.4,4.61,1
179,1617332606,TJ,Panjakent,39.4952,67.6093,65,37.4,11.5,0
180,1617332606,TH,Mae Hong Son,19.3003,97.9685,50,80.6,3.44,0
181,1617332284,ZA,Cape Town,-33.9258,18.4232,82,63.0,6.91,0
182,1617332484,GL,Ilulissat,69.2167,-51.1,86,17.6,14.97,90
183,1617332377,AU,Ulladulla,-35.35,150.4667,38,78.8,8.05,58
184,1617332488,GA,Mayumba,-3.432,10.6554,87,77.76,5.35,95
185,1617332609,ID,Japura,-0.3167,102.35,56,87.15,4.47,92
186,1617332609,ID,Amahai,-3.3333,128.9167,68,85.93,4.34,53
187,1617332609,GF,Cayenne,4.9333,-52.3333,88,80.01,3.44,90
188,1617332610,PK,Dalbandin,28.8947,64.4101,14,70.93,4.0,0
189,1617332468,CA,Moose Factory,51.2585,-80.6094,73,12.2,4.61,1
190,1617332610,ML,Mopti,14.6667,-4.0,7,82.2,11.21,30
191,1617332611,SR,Distrikt Brokopondo,4.75,-55.1667,91,74.35,7.87,91
192,1617332363,MX,San Quintín,30.4833,-115.95,84,60.22,3.4,7
193,1617332444,US,Kenai,60.5544,-151.2583,50,26.6,10.36,1
194,1617332379,IT,Laas,46.6166,10.7002,87,51.01,3.44,0
195,1617332338,JP,Nemuro,43.3236,145.575,37,53.6,6.91,20
196,1617332613,MN,Khovd,48.0056,91.6419,32,30.61,2.93,75
197,1617332614,ES,Los Llanos de Aridane,28.6585,-17.9182,68,64.4,9.22,0
198,1617332617,CN,Danshui,22.7984,114.4672,75,82.0,6.24,9
199,1617332333,US,Saint George,37.1041,-113.5841,13,70.0,4.61,1
200,1617332618,SK,Snina,48.9886,22.151,98,48.99,4.25,94
201,1617332292,PF,Atuona,-9.8,-139.0333,78,81.25,13.29,76
202,1617332478,AU,Karratha,-20.7377,116.8463,31,92.84,7.0,6
203,1617332619,GN,Boffa,10.1667,-14.0333,86,73.24,1.68,3
204,1617332621,IN,Bhuj,23.2667,69.6667,17,84.02,4.65,2
205,1617332621,RU,Usol'ye,59.4268,56.6808,99,34.0,1.01,100
206,1617332622,BR,Caravelas,-17.7125,-39.2481,95,73.08,2.89,40
207,1617332361,CK,Avarua,-21.2078,-159.775,70,84.2,12.66,75
208,1617332413,IR,Ardakān,32.31,54.0175,19,62.6,2.3,20
209,1617332386,PA,Panama City,8.9936,-79.5197,78,80.6,8.05,75
210,1617332623,PE,Tabalosos,-6.35,-76.6833,98,64.71,2.89,63
211,1617332623,SS,Tambura,5.6,27.4667,70,73.72,2.13,88
212,1617332430,AR,Presidencia Roque Sáenz Peña,-26.7852,-60.4388,76,62.06,4.54,0
213,1617332624,CN,Ürümqi,43.801,87.6005,56,41.0,4.47,0
214,1617332624,RU,Vershino-Shakhtaminskiy,51.3012,117.8868,51,26.74,16.31,7
215,1617332377,SD,Kutum,14.2,24.6667,18,64.51,8.43,15
216,1617332625,AU,Mount Gambier,-37.8333,140.7667,20,87.8,12.66,0
217,1617332626,IN,Srīsailain,16.0833,78.8667,34,86.04,8.86,87
218,1617332287,TL,Airai,-8.9266,125.4092,88,65.59,3.33,100
219,1617332626,CN,Jiuquan,39.7432,98.5174,24,45.18,15.46,100
220,1617332628,IT,Pachino,36.7186,15.0907,93,48.0,2.3,4
221,1617332361,BW,Ghanzi,-21.5667,21.7833,43,66.72,4.76,58
222,1617332330,CA,Torbay,47.6666,-52.7314,69,33.8,5.75,20
223,1617332306,ID,Bengkulu,-3.8004,102.2655,69,83.26,13.18,93
224,1617332372,EG,Marsá Maţrūḩ,31.3525,27.2453,66,53.6,9.22,40
225,1617332629,RU,Tupik,54.4253,119.9327,73,25.0,11.81,68
226,1617332327,GF,Sinnamary,5.3833,-52.95,82,77.49,11.1,88
227,1617332629,CN,Pingyin,36.2831,116.4453,75,60.01,6.17,100
228,1617332630,CA,Saint-Augustin,51.226,-58.6502,96,33.82,14.16,100
229,1617332358,PG,Kavieng,-2.5744,150.7967,72,84.96,8.25,90
230,1617332512,NZ,Dunedin,-45.8742,170.5036,68,57.99,5.99,26
231,1617332630,CN,Dali,25.7,100.1833,34,66.92,9.17,1
232,1617332414,NC,Vao,-22.6667,167.4833,82,74.55,28.61,100
233,1617332367,LY,Awjilah,29.1081,21.2869,55,52.74,6.62,0
234,1617332337,MN,Darhan,49.4867,105.9228,38,35.62,2.13,85
235,1617332631,RU,Vuktyl,63.8567,57.3094,96,30.45,8.08,100
236,1617332448,MG,Ambilobe,-13.2,49.05,92,71.33,2.93,42
237,1617332632,NE,Diffa,13.3154,12.6113,26,70.25,9.35,12
238,1617332346,BR,Cidreira,-30.1811,-50.2056,61,69.78,10.13,37
239,1617332632,RU,Vostok,46.4856,135.8833,65,45.09,2.71,100
240,1617332632,ET,Bichena,10.45,38.2,32,55.0,0.87,3
241,1617332360,RU,Yerbogachën,61.2767,108.0108,82,12.04,3.2,100
242,1617332633,RU,Kodinsk,58.6881,99.1844,87,29.89,9.73,100
243,1617332318,CL,Lebu,-37.6167,-73.65,90,55.8,12.68,33
244,1617332359,MU,Bambous Virieux,-20.3428,57.7575,100,75.99,1.14,75
245,1617332634,US,Casper,42.8666,-106.3131,42,50.0,9.06,1
246,1617332551,BR,Conde,-7.2597,-34.9075,89,78.8,4.61,20
247,1617332316,CA,Iqaluit,63.7506,-68.5145,69,-18.4,3.87,1
248,1617332635,IN,Mānsa,29.9833,75.3833,7,74.91,6.42,0
249,1617332395,LK,Hambantota,6.1241,81.1185,100,78.8,1.14,40
250,1617332635,SE,Norrtälje,59.758,18.705,64,37.0,6.91,0
251,1617332636,MX,Lagos de Moreno,21.35,-101.9167,51,60.8,16.11,1
252,1617332330,MU,Mahébourg,-20.4081,57.7,100,75.2,1.14,75
253,1617332321,GL,Narsaq,60.9167,-46.05,75,35.6,1.14,75
254,1617332636,NU,Alofi,-19.0595,-169.9187,74,84.2,11.5,40
255,1617332637,SN,Khombole,14.7667,-16.7,73,68.0,24.16,0
256,1617332637,CN,Laichow,37.1717,119.9214,61,52.77,6.85,100
257,1617332637,BR,Macapá,0.0389,-51.0664,100,82.4,5.75,90
258,1617332638,RU,Kondinskoye,59.6481,67.41,94,33.13,10.02,100
259,1617332638,ID,Rantepao,-2.9701,119.8978,68,79.41,3.11,100
260,1617332341,NA,Lüderitz,-26.6481,15.1594,68,66.25,14.27,0
261,1617332324,RU,Tiksi,71.6872,128.8694,98,-10.5,9.1,100
262,1617332639,PR,Vieques,18.425,-65.8329,78,77.0,5.75,40
263,1617332411,US,Fortuna,40.5982,-124.1573,100,52.0,9.22,1
264,1617332640,US,Susanville,40.4163,-120.653,17,59.0,4.61,1
265,1617332640,AR,Rivadavia,-33.1905,-68.4608,64,68.0,8.05,20
266,1617332395,GQ,Luba,3.4568,8.5547,80,80.6,1.14,20
267,1617332641,JP,Nakamura,32.9833,132.9333,71,67.69,13.38,99
268,1617332641,RU,Chara,56.9064,118.2631,39,15.69,2.95,57
269,1617332642,MG,Nosy Varika,-20.5833,48.5333,76,75.51,8.1,100
270,1617332642,JP,Toba,34.4833,136.85,60,68.0,16.11,40
271,1617332416,GB,Scarborough,54.2797,-0.4044,75,41.0,3.0,7
272,1617332544,US,Eureka,40.8021,-124.1637,85,52.0,3.0,6
273,1617332305,CA,Clyde River,70.4692,-68.5914,75,-25.6,10.36,1
274,1617332644,IN,Varangaon,21.0167,75.9,33,83.55,9.82,3
275,1617332645,BR,Canutama,-6.5339,-64.3831,96,73.71,1.77,98
276,1617332645,US,Yankton,42.8711,-97.3973,36,46.99,16.11,1
277,1617332645,RU,Kungurtug,50.5994,97.5228,62,22.82,1.19,6
278,1617332487,US,Laguna,38.421,-121.4238,30,75.2,2.53,1
279,1617332351,AU,Alice Springs,-23.7,133.8833,28,87.01,11.5,0
280,1617332427,RU,Leningradskiy,69.3833,178.4167,89,1.72,7.23,100
281,1617332649,WS,Lotofaga,-13.9764,-171.8578,70,89.6,11.5,75
282,1617332379,US,Kailua,21.4022,-157.7394,47,80.6,16.11,20
283,1617332319,PT,Ribeira Grande,38.5167,-28.7,81,60.21,26.78,99
284,1617332649,BR,Afuá,-0.1567,-50.3867,96,73.72,3.13,100
285,1617332650,NO,Maura,60.25,11.0167,56,37.4,3.87,0
286,1617332435,BR,Maceió,-9.6658,-35.7353,100,73.4,3.44,0
287,1617332650,US,Mayo,38.8876,-76.5119,52,37.4,9.22,20
288,1617332651,RU,Vitim,59.4511,112.5578,73,16.07,6.02,93
289,1617332532,MY,Marabu,4.4148,114.0089,70,86.0,2.3,20
290,1617332651,NZ,Takaka,-40.85,172.8,77,64.0,3.0,100
291,1617332420,NZ,Kaeo,-35.1,173.7833,56,73.0,8.99,0
292,1617332371,CA,North Battleford,52.7834,-108.2847,56,42.8,11.5,1
293,1617332652,BB,Oistins,13.0667,-59.5333,61,77.0,11.5,40
294,1617332652,RU,Krasnogorsk,55.8225,37.3181,100,34.0,4.47,75
295,1617332653,US,Sioux Falls,43.55,-96.7003,31,46.4,19.57,1
296,1617332653,RU,Kamenka,51.3223,42.7678,79,39.0,9.17,87
297,1617332370,MU,Souillac,-20.5167,57.5167,100,75.2,1.14,75
298,1617332653,SE,Örnsköldsvik,63.2909,18.7153,86,33.8,12.66,16
299,1617332654,NO,Bodø,67.28,14.405,70,37.4,19.57,75
300,1617332414,CO,San Antero,9.3741,-75.7589,77,81.59,9.15,100
301,1617332654,US,Tyler,32.3513,-95.3011,43,53.6,4.36,1
302,1617332655,CA,Shelburne,44.0787,-80.2041,51,28.99,14.74,5
303,1617332655,RU,Smirnykh,49.75,142.8333,73,42.39,1.7,23
304,1617332655,US,King City,36.2127,-121.126,37,68.0,5.75,1
305,1617332656,US,Elko,41.0002,-115.5012,17,55.99,7.0,0
306,1617332446,CN,Kumul,42.8,93.45,14,52.61,2.39,0
307,1617332656,VE,La Asuncion,11.0333,-63.8628,84,75.96,16.31,33
308,1617332657,RU,Ostrovnoy,68.0531,39.5131,96,27.73,8.41,100
309,1617332473,RU,Chokurdakh,70.6333,147.9167,85,5.5,2.44,99
310,1617332657,ES,Muros,42.7762,-9.0603,95,57.0,4.36,31
311,1617332370,PF,Faanui,-16.4833,-151.75,69,82.8,7.92,100
312,1617332658,US,Oswego,43.4501,-76.1497,54,26.01,13.8,90
313,1617332658,NE,Arlit,18.7369,7.3853,11,69.8,5.86,0
314,1617332438,BR,Boa Vista,2.8197,-60.6733,65,80.6,9.22,0
315,1617332606,ID,Ende,-8.8432,121.6623,87,81.55,1.63,100
316,1617332659,SB,Buala,-8.145,159.5921,67,85.53,4.18,12
317,1617332659,DK,Hvide Sande,56.0045,8.1294,82,39.99,3.0,4
318,1617332660,UA,Derazhnya,49.2692,27.4338,94,48.33,6.29,100
319,1617332660,CI,Béoumi,7.6736,-5.5764,78,80.6,6.91,78
320,1617332520,US,Topeka,39.0483,-95.678,42,46.0,8.05,1
321,1617332450,ML,Tessalit,20.1986,1.0114,10,74.48,9.91,2
322,1617332661,CU,Matanzas,23.0411,-81.5775,73,77.0,10.36,20
323,1617332661,NZ,Te Anau,-45.4167,167.7167,46,58.03,5.91,23
324,1617332335,IN,Kavaratti,10.5669,72.642,66,83.12,11.74,58
325,1617332662,DE,Grevesmühlen,53.8667,11.1833,95,37.0,3.0,2
326,1617332662,AU,Mount Isa,-20.7333,139.5,25,87.8,17.27,0
327,1617332189,AR,Rawson,-43.3002,-65.1023,80,61.16,14.81,9
328,1617332461,AU,Maningrida,-12.0667,134.2667,78,82.13,9.78,100
329,1617332663,RU,Kholodnyy,62.7167,147.95,67,7.65,2.28,65
330,1617332233,IS,Olafsvik,64.8945,-23.7142,79,39.58,14.34,88
331,1617332415,US,Meadow Lake,34.8014,-106.5436,11,61.0,6.91,75
332,1617332664,IN,Beohāri,24.05,81.3833,5,84.34,4.85,0
333,1617332664,ID,Nabire,-3.3667,135.4833,74,82.6,1.32,99
334,1617332315,NO,Vardø,70.3705,31.1107,80,31.89,5.08,100
335,1617332656,SA,Najrān,17.4924,44.1277,24,66.2,2.3,0
336,1617332665,RU,Voyvozh,62.892,54.9635,97,30.02,7.18,100
337,1617332307,JP,Nishihara,26.1842,127.7558,88,77.0,11.5,75
338,1617332665,RU,Almaznyy,48.0448,40.045,87,39.2,11.18,0
339,1617332666,PE,Lircay,-12.9896,-74.7205,85,47.48,4.74,100
340,1617332328,RU,Deputatsky,69.3,139.9,88,6.67,2.84,100
341,1617332530,CA,Haines Junction,60.7522,-137.5108,50,26.6,12.66,100
342,1617332666,KZ,Līsakovsk,52.5369,62.4936,79,22.55,14.38,89
343,1617332667,NO,Mehamn,71.0357,27.8492,94,26.67,2.51,99
344,1617332667,KI,Bairiki Village,1.3292,172.9752,74,86.0,11.5,40
345,1617332483,JP,Hasaki,35.7333,140.8333,59,68.0,12.66,75
346,1617332668,CF,Bria,6.5423,21.9863,76,72.16,4.32,100
347,1617332668,NO,Sistranda,63.7256,8.834,81,39.2,18.41,75
348,1617332668,BR,Cruzeiro do Sul,-29.5128,-51.9853,95,58.46,0.94,0
349,1617332669,TR,Urla,38.3229,26.764,87,41.0,5.41,0
350,1617332304,NZ,Tuatapere,-46.1333,167.6833,64,55.99,18.01,12
351,1617332440,VN,Bac Lieu,9.285,105.7244,54,89.91,6.91,94
352,1617332669,GF,Camopi,3.1655,-52.3158,99,71.92,2.59,100
353,1617332670,TO,Neiafu,-18.65,-173.9833,74,86.0,11.16,75
354,1617332670,US,Orchard Homes,46.8633,-114.0484,28,53.6,4.61,1
355,1617332352,JP,Shimoda,34.6667,138.95,63,64.4,23.02,20
356,1617332416,VU,Sola,-13.8833,167.55,74,83.23,9.64,100
357,1617332417,FO,Klaksvík,62.2266,-6.589,93,35.6,2.3,20
358,1617332672,CA,Sept-Îles,50.2001,-66.3821,86,23.0,25.32,90
359,1617332673,GL,Maniitsoq,65.4167,-52.9,77,16.88,12.21,100
360,1617332673,NA,Henties Bay,-22.116,14.2845,89,64.0,1.99,99
361,1617332453,EC,Nueva Loja,0.0847,-76.8828,97,70.14,0.89,83
362,1617332674,CO,Calamar,10.2511,-74.9146,89,78.8,10.36,75
363,1617332308,AO,Mossamedes,-15.1961,12.1522,77,76.15,6.93,11
364,1617332675,AF,Jurm,36.8648,70.8342,37,35.33,5.75,1
365,1617332675,RU,Lotoshino,56.2267,35.6414,96,33.3,4.12,99
366,1617332333,RU,Udachny,66.4167,112.4,87,-9.71,14.5,98
367,1617332394,US,Ketchikan,55.3422,-131.6461,93,35.6,11.5,90
368,1617332676,PH,Balabac,7.9868,117.0645,91,76.77,4.68,100
369,1617332677,TZ,Mafinga,-7.25,35.0667,95,62.17,3.06,16
370,1617332677,MZ,Mocuba,-16.8392,36.9856,94,63.12,3.22,7
371,1617332678,NA,Rundu,-17.9333,19.7667,65,65.37,5.06,100
372,1617332679,GW,Bubaque,11.2833,-15.8333,74,75.25,13.65,1
373,1617332344,IS,Vestmannaeyjar,63.4427,-20.2734,76,41.09,16.42,47
374,1617332326,RU,Severo-Kuril'sk,50.6789,156.125,92,31.26,15.82,83
375,1617332318,US,San Patricio,28.017,-97.5169,55,60.8,9.22,75
376,1617332680,RU,Leshukonskoye,64.8989,45.7622,96,28.87,5.37,100
377,1617332455,CA,Goderich,43.7501,-81.7165,47,30.2,17.27,5
378,1617332681,AU,Alyangula,-13.8483,136.4192,62,86.04,17.65,90
379,1617332435,BR,Carutapera,-1.195,-46.02,94,75.0,4.05,100
380,1617332643,IQ,Baghdad,33.3406,44.4009,51,57.2,6.91,0
381,1617332536,AU,Perth,-31.9333,115.8333,47,84.0,8.05,0
382,1617332366,CA,Fort Nelson,58.8053,-122.7002,33,39.2,5.75,75
383,1617332313,CA,Port Hardy,50.6996,-127.4199,65,44.6,2.3,75
384,1617332558,MX,Acapulco de Juárez,16.8634,-99.8901,69,82.4,8.05,1
385,1617332482,BR,Aripuanã,-9.1667,-60.6333,98,72.46,1.59,100
386,1617332684,PH,Unidad,8.535,126.2306,83,82.18,4.88,99
387,1617332401,MX,Guerrero Negro,27.9769,-114.0611,82,60.28,14.45,6
388,1617332684,GA,Omboué,-1.5746,9.2618,91,76.06,5.03,100
389,1617332636,CA,Smithers,54.7804,-127.1743,51,35.6,10.36,75
390,1617332685,VG,Road Town,18.4167,-64.6167,87,78.01,5.99,6
391,1617332685,CA,Revelstoke,50.9832,-118.2023,61,44.6,6.91,40
392,1617332686,RU,Elban,50.1018,136.5094,70,41.86,5.01,97
393,1617332445,NO,Roald,62.5833,6.1333,87,39.2,6.91,90
394,1617332686,MR,Nouadhibou,20.931,-17.0347,77,66.2,17.27,100
395,1617332446,RU,Ust-Nera,64.5667,143.2,87,12.83,5.46,100
396,1617332687,RU,Salekhard,66.53,66.6019,94,17.87,2.95,100
397,1617332688,YE,Marzuq,14.4,46.4667,17,65.93,3.36,11
398,1617332688,RU,Aleksandrovskoye,44.7142,43.0008,87,35.6,6.71,100
399,1617332336,PH,Dingle,10.9995,122.6711,54,85.8,13.4,100
400,1617332425,US,Jupiter,26.9342,-80.0942,55,69.01,13.8,90
401,1617332689,RU,Marfino,55.7028,37.3822,93,34.0,8.95,75
402,1617332689,FI,Forssa,60.8146,23.6215,92,28.99,1.01,96
403,1617332690,AU,Innisfail,-17.5333,146.0333,85,76.23,13.27,56
404,1617332488,LY,Şabrātah,32.7933,12.4885,53,59.49,2.51,0
405,1617332690,TR,Ordu,40.9086,37.6845,100,46.4,2.37,75
406,1617332691,AR,Santiago del Estero,-27.7951,-64.2615,60,70.57,1.34,87
407,1617332411,RU,Bilibino,68.0546,166.4372,82,5.0,8.16,100
408,1617332691,RU,Tommot,58.9564,126.2925,82,23.04,12.48,100
409,1617332692,GB,Liverpool,53.4106,-2.9779,87,37.99,6.91,3
410,1617332693,LK,Kalmunai,7.4167,81.8167,70,81.99,2.8,58
411,1617332693,ID,Srandakan,-7.9386,110.2506,70,83.95,2.95,100
412,1617332693,US,Emmaus,40.5395,-75.4968,64,35.6,21.85,90
413,1617332693,SE,Umeå,63.8284,20.2597,80,36.0,8.05,90
414,1617332694,GE,Khani,41.9563,42.9566,93,44.6,2.3,90
415,1617332318,US,Nome,64.5011,-165.4064,66,6.01,8.05,90
416,1617332527,SA,Abhā,18.2164,42.5053,44,59.0,2.13,0
417,1617332365,RU,Beringovskiy,63.05,179.3167,95,30.43,7.31,100
418,1617332695,CN,Huayang,34.4155,109.9939,96,36.77,3.44,100
419,1617332695,JP,Nara,34.6851,135.8049,43,75.2,17.27,40
420,1617332696,CI,Tabou,4.423,-7.3528,90,78.31,5.35,94
421,1617332696,RU,Malinovoye Ozero,51.6753,79.7825,71,28.67,9.6,11
422,1617332334,MR,Adrar,20.5022,-10.0711,7,77.7,10.69,67
423,1617332437,US,Hamilton,39.1834,-84.5333,60,34.0,10.36,75
424,1617332697,IT,Fiumicino,41.7675,12.2291,100,54.0,1.14,40
425,1617332697,CA,Whitehorse,60.7161,-135.0538,86,24.8,6.91,75
426,1617332641,NO,Eidfjord,60.4675,7.0719,96,37.13,6.87,100
427,1617332475,BR,Coari,-4.085,-63.1414,97,73.35,2.75,84
428,1617332698,TM,Gumdag,39.2061,54.5906,39,54.7,23.87,75
429,1617332698,CN,Shenjiamen,29.9576,122.298,91,61.16,7.43,98
430,1617332699,SA,Buraidah,26.326,43.975,49,73.4,4.61,75
431,1617332699,ET,Jijiga,9.35,42.8,22,60.69,1.19,0
432,1617332531,JP,Iwaki,37.05,140.8833,62,57.2,2.3,40
433,1617332398,US,Houma,29.5958,-90.7195,43,53.6,10.36,1
434,1617332654,MZ,Dondo,-19.6094,34.7431,94,71.01,4.16,20
435,1617332700,IN,Ratnagiri,16.9833,73.3,64,81.27,2.77,81
436,1617332701,US,Lincoln,40.8,-96.667,31,48.2,18.41,1
437,1617332701,BR,Tamandaré,-8.7597,-35.1047,71,78.94,8.48,56
438,1617332702,NZ,Opotiki,-38.0833,177.2833,52,67.55,5.26,0
439,1617332702,UA,Uglovoye,44.8215,33.6045,75,43.75,4.25,0
440,1617332702,WS,Lufilufi,-13.8745,-171.5986,70,89.6,11.5,75
441,1617332704,CN,Aksu,41.1231,80.2644,72,41.59,8.7,100
442,1617332704,ZM,Chinsali,-10.5414,32.0816,97,59.32,5.19,61
443,1617332392,RU,Tynda,55.1667,124.7167,81,25.54,10.18,100
444,1617332705,ZA,Knysna,-34.0363,23.0471,94,59.0,2.3,90
445,1617332705,KE,Nakuru,-0.2833,36.0667,82,58.17,4.94,20
446,1617332705,IT,Morbegno,46.1383,9.57,53,55.99,1.01,3
447,1617332706,RU,Seymchan,62.8833,152.4333,67,16.3,9.35,32
448,1617332706,AU,Charters Towers,-20.1,146.2667,35,83.53,14.16,1
449,1617332603,US,San Jose,37.3394,-121.895,28,69.8,13.8,1
450,1617332707,ID,Padang,-0.9492,100.3543,70,86.0,6.91,40
451,1617332707,BR,Alenquer,-1.9417,-54.7383,100,75.2,3.44,75
452,1617332313,IS,Hofn,64.2539,-15.2082,67,41.59,5.7,1
453,1617332708,ET,Bedēsa,8.9,40.7833,27,64.04,2.59,55
454,1617332708,RU,Teya,60.3778,92.6267,85,28.49,11.99,100
455,1617332414,AU,Esperance,-33.8667,121.9,10,95.0,25.32,0
456,1617332709,RU,Tilichiki,60.4667,166.1,99,31.1,2.51,100
457,1617332710,MA,Safi,32.2994,-9.2372,88,59.54,5.73,0
458,1617332711,VN,Don Luan,11.5333,106.9167,42,93.27,5.93,72
459,1617332711,BR,Saquarema,-22.92,-42.5103,73,77.0,3.44,40
460,1617332712,US,Columbus,39.9612,-82.9988,54,30.2,6.91,40
461,1617332712,NG,Yuli,9.6989,10.2744,14,74.17,7.11,100
462,1617332713,RU,Yar-Sale,66.8333,70.8333,95,22.39,5.66,100
463,1617332713,MY,Sibu,2.3,111.8167,66,86.0,2.3,40
464,1617332492,FR,Plouzané,48.3833,-4.6167,93,50.0,17.27,90
465,1617332701,CN,Korla,41.7597,86.1469,36,49.59,20.83,23
466,1617332714,RU,Petropavlovsk-Kamchatskiy,53.0452,158.6483,48,39.2,13.42,75
467,1617332715,IN,Kamalganj,27.2667,79.65,4,80.51,4.92,0
468,1617332348,CV,São Filipe,14.8961,-24.4956,76,71.67,7.36,27
469,1617332359,US,Avera,33.194,-82.5271,45,44.6,5.75,1
470,1617332716,UZ,Gazli,40.1333,63.45,50,42.17,19.15,2
471,1617332716,IN,Ginda,30.6945,78.4932,37,66.2,3.27,0
472,1617332716,RU,Belyy Yar,53.6039,91.3903,55,32.0,4.47,0
473,1617332451,BR,Rio Grande,-32.035,-52.0986,77,66.31,9.55,33
474,1617332353,PH,San Policarpo,12.1791,125.5072,72,82.87,11.05,22
475,1617332718,AR,Venado Tuerto,-33.7456,-61.9688,90,61.0,4.0,51
476,1617332718,PE,Macusani,-14.0833,-70.4333,94,35.64,5.3,100
477,1617332719,NO,Kjøllefjord,70.9457,27.3465,93,26.49,2.91,97
478,1617332719,PG,Kieta,-6.2167,155.6333,68,86.04,5.79,19
479,1617332590,GL,Aasiaat,68.7098,-52.8699,92,6.78,15.68,100
480,1617332720,DZ,Médéa,36.2642,2.7539,82,62.6,9.22,40
481,1617332340,ID,Merauke,-8.4667,140.3333,84,80.19,5.32,100
482,1617332720,AE,Sharjah city,25.3573,55.4033,68,71.6,3.44,0
483,1617332721,GN,Kouroussa,10.65,-9.8833,19,78.75,3.2,0
484,1617332721,NO,Vågåmo,61.8751,9.0967,89,23.86,6.33,54
485,1617332722,PH,Latung,5.5,120.8833,75,82.67,5.59,100
486,1617332722,IN,Guhāgar,17.4842,73.1929,67,80.26,2.06,83
487,1617332650,US,Palmer,42.1584,-72.3287,55,36.0,9.22,75
488,1617332396,ID,Pontianak,-0.0333,109.3333,79,86.0,4.61,20
489,1617332724,RU,Mosal'sk,54.4881,34.9817,98,33.13,10.69,100
490,1617332724,BR,Horizontina,-27.6258,-54.3078,79,57.99,4.27,3
491,1617332725,UA,Ivankiv,50.9386,29.8943,71,50.0,6.71,100
492,1617332725,SO,Bosaso,11.2842,49.1816,47,79.16,7.45,23
493,1617332332,CL,Coquimbo,-29.9533,-71.3436,88,57.2,3.44,0
494,1617332309,CL,Ancud,-41.8697,-73.8203,94,55.99,2.3,90
495,1617332726,RU,Borovoy,55.4333,86.0833,63,23.0,8.95,0
496,1617332603,TH,Lamphun,18.25,98.9167,45,91.99,3.44,33
497,1617332726,PW,Kloulklubed,7.0419,134.2556,70,86.0,9.31,75
498,1617332726,US,Douglas,41.3,-96.167,34,46.4,12.66,1
499,1617332466,AU,Yulara,-25.2406,130.9889,21,86.0,14.97,0
500,1617332727,US,Coos Bay,43.3665,-124.2179,87,48.99,9.22,20
501,1617332728,BR,Alta Floresta,-9.8756,-56.0861,97,70.36,3.02,100
502,1617332728,IN,Kanhangad,12.3081,75.1063,70,81.86,5.08,75
503,1617332729,BW,Kang,-23.6752,22.7876,42,67.33,5.97,85
504,1617332297,PE,Pisco,-13.7,-76.2167,73,69.8,10.36,0
505,1617332521,US,Owensboro,37.7742,-87.1133,44,37.4,6.91,1
506,1617332730,US,Ingleside,27.8778,-97.2117,59,62.6,5.75,1
507,1617332730,MG,Mahanoro,-19.9,48.8,78,75.49,7.87,99
508,1617332731,NL,Gemeente Wijchen,51.8,5.7167,93,39.99,6.91,5
509,1617332731,CN,Lingyuan,41.24,119.4011,43,57.33,8.34,100
510,1617332731,BR,Diamantina,-18.2494,-43.6003,83,62.78,4.14,3
511,1617332732,IN,Rangāpāra,26.8167,92.65,51,76.37,11.07,0
512,1617332449,SB,Gizo Government Station,-8.103,156.8419,68,85.57,6.93,81
513,1617332732,BR,Amapá,1.0,-52.0,99,70.39,2.37,99
514,1617332733,NG,Yenagoa,4.9247,6.2642,91,77.04,3.42,54
515,1617332733,SO,Hobyo,5.3505,48.5268,73,80.6,7.45,43
516,1617332733,CL,Vicuña,-30.0319,-70.7081,88,55.4,3.44,0
517,1617332734,US,Fairbanks,64.8378,-147.7164,72,10.0,9.22,90
518,1617332734,GA,Gamba,-2.65,10.0,87,77.18,4.47,100
519,1617332505,CL,Tocopilla,-22.092,-70.1979,73,68.13,8.57,10
520,1617332735,IN,Nārāyanpet,16.7333,77.5,23,87.15,13.02,97
521,1617332736,NO,Varhaug,58.6147,5.6457,93,39.99,19.04,100
522,1617332736,IN,Tura,25.5198,90.2201,67,78.01,6.58,60
523,1617332736,MY,Semporna,4.4818,118.6112,79,84.2,9.46,20
524,1617332737,NG,Gusau,12.1628,6.6614,10,72.37,9.37,0
525,1617332738,ID,Labuhan,-6.8844,112.2051,76,81.95,10.49,100
526,1617332522,GA,Port-Gentil,-0.7193,8.7815,84,80.01,10.36,100
527,1617332342,BR,Gurupá,-1.405,-51.64,97,73.08,2.71,100
528,1617332739,AU,Mildura,-34.2,142.15,21,88.0,3.44,0
529,1617332739,AR,Paraná,-31.732,-60.5238,87,63.0,6.85,77
530,1617332740,NA,Aranos,-24.1333,19.1167,38,73.58,8.68,83
531,1617332741,MG,Mahajanga,-15.7167,46.3167,100,75.2,3.44,20
532,1617332542,TZ,Tingi,-11.3,35.0333,92,58.44,3.11,32
533,1617332354,CA,Bonavista,48.6499,-53.1147,87,35.6,3.44,50
534,1617332642,BR,Natal,-5.795,-35.2094,94,80.6,2.3,40
535,1617332743,HN,Tepusteca,15.4167,-86.3167,88,75.2,2.3,75
536,1617332744,AU,Yeppoon,-23.1333,150.7333,36,82.4,18.41,51
537,1617332744,SA,Sakakah,29.9697,40.2064,33,57.2,9.22,0
538,1617332744,RU,Megion,61.0296,76.1136,86,32.0,6.71,90
539,1617332745,US,Forestville,38.8451,-76.875,55,36.0,12.66,20
540,1617332745,ZA,Richards Bay,-28.783,32.0377,85,72.86,0.27,99
541,1617332715,US,Lancaster,40.2504,-76.2499,47,33.8,11.5,20
542,1617332747,IN,Kāvali,14.9167,79.9833,27,92.08,16.51,42
543,1617332747,CD,Matadi,-5.8167,13.45,97,74.48,2.39,100
544,1617332748,NO,Storsteinnes,69.2408,19.2344,93,33.8,3.44,90
545,1617332331,BR,Olinda,-8.0089,-34.8553,73,78.8,6.91,40
546,1617332748,IN,Port Blair,11.6667,92.75,70,78.44,9.46,100
547,1617332749,AO,Catumbela,-12.4314,13.5472,82,77.4,1.34,72
548,1617332754,US,Belle Fourche,44.6714,-103.8522,25,51.01,4.61,1
549,1617332452,AU,Port Hedland,-20.3167,118.5667,14,96.8,12.66,2
550,1617332755,NZ,Gisborne,-38.6533,178.0042,62,70.0,1.99,0
551,1617332755,RU,Krasnosel'kup,65.7,82.4667,92,14.13,17.54,100
552,1617332598,US,Hilton Head,32.2163,-80.7526,32,54.0,13.8,75
553,1617332756,CA,High Level,58.5169,-117.136,93,35.6,8.05,90
554,1617332757,ET,Mīzan Teferī,6.9833,35.5833,93,61.18,1.97,100
555,1617332758,RU,Batagay-Alyta,67.8006,130.4114,87,3.78,4.56,94
